name,price


While Turkey,37.99
Maker's Mark,35.99
Knob Greek,41.99
Jim Beam,21.49
Jack Daniel Single barrel,61.99
Gentleman Jack,31.99
Bulliet Bourbon,37.99
Buffalo Trace,28.99
Vila Nova Vinho Verde,12.99
Vila Nova Arinto,12.99
Vila Nova Alvarinho,13.99
The Cicada Blanc,12.99
Monte Schiavo Pallio di San Floriano Verdicchio Classico,14.99
Les Volets Chardonnay,13.99
K-Naia,12.99
GENETIE Saint-Véran 'La Rencontre',19.99
Genetie 'Illuminé' Bourgogne Chardonnay,20.99
Feudo Maccari Grillo,14.99
Contesa Trebbiano d'Abruzzo,15.99
Contesa Pecorino Abruzzo,15.99
Cave de l'Ormarine Duc de Morny Picpoul,11.99
"Caparrone Pecorino, IGT Colline Pescaresi",14.99
Adobe Organic Sauvignon Blanc,13.99
Adobe Organic Gewurztraminer,13.99
Yellow Tail Jammy Rose Roo Wine,8.99
Wild Horse Rose,13.99
Lieux Perdus Pinot Noir Rosé,12.99
Lemoss Frizzante Non Filtrato Rosé,15.99
L'Olibet Cinsault Rose,12.99
Gris Marin Gris de Gris Rose,12.99
Chateau L'Ermite d'Auzan Rose,14.99
Chateau d'Esclans Whispering Angel Rose,24.99
Campo Viejo Rosé Wine,9.99
Boutinot Les Cerisiers Cotes du Rhone Rose,12.99
Borsao Seleccion Rosado,15.99
Adobe Reserva Rose,13.99
Waterkloof Circle of Life Red,17.99
Valpolicella Ripasso Capitel della Crosara,15.99
Uva Non Grata,11.99
The Listening Station Malbec,12.99
Rippa Dorii Ribera del Duero Tempranillo Roble,13.99
Prisma Organic Monastrell,14.99
Pablo y Walter Malbec,12.99
Le Fou Pinot Noir,11.99
"Juan Gil Comoloco, DO Jumilla [Organic]",13.99
Domaine Boutinot Les Coteaux,12.99
Debajo Dry Farmed Carignan,10.99
Cicada Rouge,12.99
Alasia red,13.99
Solara Orange Wine,15.99
No es Orange Wine,15.99
Amfora Orange Wine,15.99
Talisker Skype,46.99
Talisker 10Y,41.99
Proper Twelve,41.99
Monkey Shoulder Original,41.99
Jonnie Walker Black Label,28.99
Jameson,25.99
Glenfiddich 12 Y,41.99
Glen Morangie,44.99
Fire Ball,23.99
Chivas Regal,28.99
ZUBROWKA VODKA,19.99
ZUBROWKA Grass VODKA,24.99
Skull Vodka,49.99
Krupnik,19.99
Kettle One,28.99
Grey Goose,36.99
Ciroc Summer Citrus,41.99
Ciroc Redberry,36.99
Ciroc Pineapple,36.99
Belvedere Vodka,36.99
Absolut Vodka,21.99
Tequila Rose,24.99
Sierra tropical chilli,25.99
Sierra tequila reposado,25.99
Sierra blanco,25.99
Patron Silver,56.99
Patron Reposado,61.99
Olmeca Reposado,27.99
Olmeca blanco,27.99
OJO tigre Reposado,51.99
OJO tigre Blanco,51.99
Monte Alban Mezcal,34.99
Jose cuervo silver,24.99
Jose cuervo gold,24.99
El Jimmdor reposado,29.99
El Jimmdor blanco,29.99
Cazabel Reposado,36.99
Cazabel Blanco,36.99
Casamigos Reposado,81.99
Casamigos Blanco,61.99
Altos Silver,41.99
Altmos reposado,41.99
Saint Ogun,44.99
Plantation XO 20th Anniversary,61.99
Plantation Pineapple,43.99
Plantation Overproof,51.99
Plantation Orginal Dark,38.99
Plantation Isle of Fiji,39.99
Plantation Grand Anejo,44.99
Plantation 3 Stars,30.99
Koko Kanu,27.99
English Harbour,39.99
EL Dorado 21 years,131.99
EL Dorado 15 years,66.99
EL Dorado 12 years,46.99
EL Dorado 8 years,39.99
EL Dorado 5 years,33.99
EL Dorado 3 years,31.99
Diplomatico Planas White,41.99
Diplomatico Mantuano,36.99
Diplomatico Exclusive,49.99
Chairman Reserve white,29.99
Chairman Reserve THE FORGOTTEN CASKS,51.99
Chairman Reserve Spiced,29.99
Chairman Reserve parrot Sleeves Edition,35.99
Chairman Reserve original,29.99
Chairman Reserve Legacy,43.99
Bumbu XO,43.99
Bumbu Original,
Bumbu Cream,39.99
Bounty White,29.99
Bounty Strong 151,51.99
Bounty spiced,29.99
Bounty Gold Original,29.99
Bounty Dark,29.99
Bounty coconut,29.99
Angostura Reserve White Rum,34.99
Angostura 1919,41.99
Angostura 7 years,36.99
Angostura 5 years,30.99
Aguardiente Antiqueno,28.99
Velho barirero,27.99
Triple Sec,16.99
Suze,24.99
ST Germain,36.99
Sheridan's Layered Coffee Liqueur,20.99
Ricard,28.99
Ponche Kuba,21.99
Pisco,26.99
Pernod,22.99
Passoa,18.99
Ouzo,23.99
Midori,21.99
Luxardo Maraschino,33.99
Luxardo Limocello,23.99
Luxardo Kirsch 50cl,21.99
Kwaitech,26.99
Kahlua,21.99
Jagermeister,23.99
Galliano Vanilla,21.99
Galliano Iautentico,21.99
Frangelico,21.99
Fernet Branca,28.99
Drambuie,31.99
Disaronno,23.99
Cynar,26.99
Cointreau,26.99
Choya sake,19.99
Chambord,31.99
Campari,21.99
Cachaca 51,24.99
Branca Menta,28.99
Aromatic Schnapps,30.99
Aperol,18.99
Amarula,16.99
Amaro Montenegro,30.99
Amaro Averna,28.99
The Botanist,41.99
Tanquery Gin,23.99
Roku Gin,35.99
Plymouth Sloe Gin,25.99
Plymouth Navy Gin,25.99
Monkey 47 Gin,46.99
Koval Dry Gin,47.99
Hoxton Tropical Gin,41.99
Engine- The Fuel Dream,44.99
Citadelle Jardin D'ete Gin,35.99
Citadelle Gin Rouge,35.99
Veuve Cliquot Rose,56.99
Veuve Cliquot,51.99
Moet Rose,51.99
Moet,41.99
Laurent Perrier Rose,67.99
Lanson Black,39.99
Bollinger Rose,61.99
Bollinger,
Remy Martin VSOP,46.99
Metaxa,26.99
Martell VS,31.99
Henessy VSOP,66.99
Henessy Cognac,41.99
Courvoisier VSOP,47.99
Courvoisier VS,31.99
Calvados VSOP,38.99
Calvados FINE,32.99
